CustomerKey;FirstName;LastName;Fullname;Gender;DateFirstPurchase;CustomerCity
11000;Jon;Yang;Jon Yang;Male;2011-01-19;Rockhampton
11001;Eugene;Huang;Eugene Huang;Male;2011-01-15;Seaford
11002;Ruben;Torres;Ruben Torres;Male;2011-01-07;Hobart
11003;Christy;Zhu;Christy Zhu;Female;2010-12-29;North Ryde
11004;Elizabeth;Johnson;Elizabeth Johnson;Female;2011-01-23;Wollongong
11005;Julio;Ruiz;Julio Ruiz;Male;2010-12-30;East Brisbane
11006;Janet;Alvarez;Janet Alvarez;Female;2011-01-24;Matraville
11007;Marco;Mehta;Marco Mehta;Male;2011-01-09;Warrnambool
11008;Rob;Verhoff;Rob Verhoff;Female;2011-01-25;Bendigo
11009;Shannon;Carlson;Shannon Carlson;Male;2011-01-27;Hervey Bay
11010;Jacquelyn;Suarez;Jacquelyn Suarez;Female;2011-01-14;East Brisbane
11011;Curtis;Lu;Curtis Lu;Male;2010-12-30;East Brisbane
11012;Lauren;Walker;Lauren Walker;Female;2013-03-16;Bremerton
11013;Ian;Jenkins;Ian Jenkins;Male;2013-04-13;Lebanon
11014;Sydney;Bennett;Sydney Bennett;Female;2013-03-23;Redmond
11015;Chloe;Young;Chloe Young;Female;2013-01-18;Burbank
11016;Wyatt;Hill;Wyatt Hill;Male;2013-02-09;Imperial Beach
11017;Shannon;Wang;Shannon Wang;Female;2011-01-12;Sunbury
11018;Clarence;Rai;Clarence Rai;Male;2011-01-17;Bendigo
11019;Luke;Lal;Luke Lal;Male;2013-02-12;Langley
11020;Jordan;King;Jordan King;Male;2012-12-29;Metchosin
11021;Destiny;Wilson;Destiny Wilson;Female;2013-01-23;Beaverton
11022;Ethan;Zhang;Ethan Zhang;Male;2013-01-20;Bellingham
11023;Seth;Edwards;Seth Edwards;Male;2013-02-17;Bellflower
11024;Russell;Xie;Russell Xie;Male;2013-06-27;Concord
11025;Alejandro;Beck;Alejandro Beck;Male;2011-01-06;Hawthorne
11026;Harold;Sai;Harold Sai;Male;2011-01-23;Goulburn
11027;Jessie;Zhao;Jessie Zhao;Male;2011-01-16;Warrnambool
11028;Jill;Jimenez;Jill Jimenez;Female;2011-01-26;St. Leonards
11029;Jimmy;Moreno;Jimmy Moreno;Male;2011-01-19;Bendigo
11030;Bethany;Yuan;Bethany Yuan;Female;2011-02-05;Cloverdale
11031;Theresa;Ramos;Theresa Ramos;Female;2011-02-01;Matraville
11032;Denise;Stone;Denise Stone;Female;2011-02-18;Melbourne
11033;Jaime;Nath;Jaime Nath;Male;2011-02-15;Milsons Point
11034;Ebony;Gonzalez;Ebony Gonzalez;Female;2011-02-01;North Sydney
11035;Wendy;Dominguez;Wendy Dominguez;Female;2011-02-06;Cranbourne
11036;Jennifer;Russell;Jennifer Russell;Female;2013-01-22;National City
11037;Chloe;Garcia;Chloe Garcia;Female;2013-01-20;Cliffside
11038;Diana;Hernandez;Diana Hernandez;Female;2011-02-07;Lavender Bay
11039;Marc;Martin;Marc Martin;Male;2011-02-07;Wollongong
11040;Jesse;Murphy;Jesse Murphy;Male;2013-04-03;Tacoma
11041;Amanda;Carter;Amanda Carter;Female;2013-01-14;Glendale
11042;Megan;Sanchez;Megan Sanchez;Female;2013-01-21;Los Angeles
11043;Nathan;Simmons;Nathan Simmons;Male;2013-05-08;Glendale
11044;Adam;Flores;Adam Flores;Male;2011-02-28;Hervey Bay
11045;Leonard;Nara;Leonard Nara;Male;2013-04-10;Matraville
11046;Christine;Yuan;Christine Yuan;Female;2011-02-06;Lavender Bay
11047;Jaclyn;Lu;Jaclyn Lu;Female;2011-02-03;Geelong
11048;Jeremy;Powell;Jeremy Powell;Male;2011-02-10;Sunbury
11049;Carol;Rai;Carol Rai;Female;2013-03-09;Chula Vista
11050;Alan;Zheng;Alan Zheng;Male;2011-02-20;Hobart
11051;Daniel;Johnson;Daniel Johnson;Male;2013-12-29;Caloundra
11052;Heidi;Lopez;Heidi Lopez;Female;2011-02-17;Matraville
11053;Ana;Price;Ana Price;Female;2013-01-17;San Diego
11054;Deanna;Munoz;Deanna Munoz;Female;2011-02-03;Geelong
11055;Gilbert;Raje;Gilbert Raje;Male;2011-01-31;East Brisbane
11056;Michele;Nath;Michele Nath;Female;2011-02-26;Newcastle
11057;Carl;Andersen;Carl Andersen;Male;2011-02-22;Lane Cove
11058;Marc;Diaz;Marc Diaz;Male;2011-03-09;Findon
11059;Ashlee;Andersen;Ashlee Andersen;Female;2013-02-18;Townsville
11060;Jon;Zhou;Jon Zhou;Male;2011-03-19;Warrnambool
11061;Todd;Gao;Todd Gao;Male;2011-03-13;Gold Coast
11062;Noah;Powell;Noah Powell;Male;2013-01-07;Portland
11063;Angela;Murphy;Angela Murphy;Female;2013-01-12;Redmond
11064;Chase;Reed;Chase Reed;Male;2013-01-25;Downey
11065;Jessica;Henderson;Jessica Henderson;Female;2013-02-10;La Jolla
11066;Grace;Butler;Grace Butler;Female;2013-05-31;Lebanon
11067;Caleb;Carter;Caleb Carter;Male;2013-08-18;Port Orchard
11068;Tiffany;Liang;Tiffany Liang;Female;2013-04-30;Warrnambool
11069;Carolyn;Navarro;Carolyn Navarro;Female;2011-04-17;Gold Coast
11070;Willie;Raji;Willie Raji;Male;2011-04-28;Sunbury
11071;Linda;Serrano;Linda Serrano;Female;2013-03-01;Hawthorne
11072;Casey;Luo;Casey Luo;Female;2011-03-31;St. Leonards
11073;Amy;Ye;Amy Ye;Female;2013-03-23;Springwood
11074;Levi;Arun;Levi Arun;Male;2013-03-23;Cloverdale
11075;Felicia;Jimenez;Felicia Jimenez;Female;2011-04-28;Bendigo
11076;Blake;Anderson;Blake Anderson;Male;2011-04-21;Wollongong
11077;Leah;Ye;Leah Ye;Female;2011-04-15;Melton
11078;Gina;Martin;Gina Martin;Female;2013-02-15;Cliffside
11079;Donald;Gonzalez;Donald Gonzalez;Male;2013-03-15;Geelong
11080;Damien;Chander;Damien Chander;Male;2011-04-10;Perth
11081;Savannah;Baker;Savannah Baker;Female;2013-02-12;Concord
11082;Angela;Butler;Angela Butler;Female;2013-01-22;Fremont
11083;Alyssa;Cox;Alyssa Cox;Female;2013-01-06;Lincoln Acres
11084;Lucas;Phillips;Lucas Phillips;Male;2013-01-04;Lebanon
11085;Emily;Johnson;Emily Johnson;Female;2013-12-06;Newport Beach
11086;Ryan;Brown;Ryan Brown;Male;2013-07-02;Santa Monica
11087;Tamara;Liang;Tamara Liang;Female;2013-02-25;Chula Vista
11088;Hunter;Davis;Hunter Davis;Male;2013-01-13;San Diego
11089;Abigail;Price;Abigail Price;Female;2012-12-29;Long Beach
11090;Trevor;Bryant;Trevor Bryant;Male;2011-08-07;Los Angeles
11091;Dalton;Perez;Dalton Perez;Male;2013-01-29;Haney
11092;Cheryl;Diaz;Cheryl Diaz;Female;2011-04-08;East Brisbane
11093;Aimee;He;Aimee He;Female;2011-04-07;Wollongong
11094;Cedric;Ma;Cedric Ma;Male;2013-04-07;Cranbourne
11095;Chad;Kumar;Chad Kumar;Male;2011-04-01;Port Macquarie
11096;Andrés;Anand;Andrés Anand;Male;2011-04-11;North Sydney
11097;Edwin;Nara;Edwin Nara;Male;2011-04-04;Warrnambool
11098;Mallory;Rubio;Mallory Rubio;Female;2013-02-11;Rhodes
11099;Adam;Ross;Adam Ross;Male;2011-04-07;Port Macquarie
11100;Latasha;Navarro;Latasha Navarro;Female;2011-04-16;Cloverdale
11101;Abby;Sai;Abby Sai;Female;2011-04-29;Cranbourne
11102;Julia;Nelson;Julia Nelson;Female;2013-07-16;Sydney
11103;Cassie;Chande;Cassie Chande;Female;2011-04-15;Darlinghurst
11104;Edgar;Sara;Edgar Sara;Male;2011-05-04;Gold Coast
11105;Candace;Fernandez;Candace Fernandez;Female;2011-05-14;Matraville
11106;Jessie;Liu;Jessie Liu;Male;2011-05-18;Warrnambool
11107;Bianca;Lin;Bianca Lin;Female;2011-05-01;St. Leonards
11108;Kari;Alvarez;Kari Alvarez;Female;2011-05-03;Port Macquarie
11109;Ruben;Kapoor;Ruben Kapoor;Male;2011-05-10;South Melbourne
11110;Curtis;Yang;Curtis Yang;Male;2011-05-01;Darlinghurst
11111;Meredith;Gutierrez;Meredith Gutierrez;Female;2011-05-20;Geelong
11112;Crystal;Wang;Crystal Wang;Female;2011-05-25;Hervey Bay
11113;Micheal;Blanco;Micheal Blanco;Male;2013-02-01;Perth
11114;Leslie;Moreno;Leslie Moreno;Female;2013-03-18;Rhodes
11115;Alvin;Cai;Alvin Cai;Male;2013-02-10;St. Leonards
11116;Clinton;Carlson;Clinton Carlson;Male;2013-03-15;Sydney
11117;April;Deng;April Deng;Female;2011-05-06;Matraville
11118;Alvin;Zeng;Alvin Zeng;Male;2013-07-10;Lavender Bay
11119;Evan;James;Evan James;Male;2013-02-03;Port Macquarie
11120;Beth;Jiménez;Beth Jiménez;Female;2011-05-14;Sydney
11121;Orlando;Suarez;Orlando Suarez;Male;2013-06-24;Newcastle
11122;Byron;Vazquez;Byron Vazquez;Male;2013-02-21;North Sydney
11123;Philip;Alvarez;Philip Alvarez;Male;2013-04-17;Sunbury
11124;Ross;Jordan;Ross Jordan;Male;2011-05-05;Warrnambool
11125;Dana;Navarro;Dana Navarro;Female;2013-01-31;Seaford
11126;Shaun;Carson;Shaun Carson;Male;2011-05-28;North Ryde
11127;Jan;Edwards;Jan Edwards;Female;2013-04-10;San Gabriel
11128;Samantha;Long;Samantha Long;Female;2013-06-19;Renton
11129;Julia;Wright;Julia Wright;Female;2011-08-06;Sedro Woolley
11130;Caroline;Russell;Caroline Russell;Female;2013-12-09;Lebanon
11131;Amanda;Rivera;Amanda Rivera;Female;2013-10-18;Haney
11132;Melissa;Richardson;Melissa Richardson;Female;2013-04-09;Langford
11133;Angela;Griffin;Angela Griffin;Female;2013-12-30;Lake Oswego
11134;Larry;Townsend;Larry Townsend;Male;2011-05-03;Perth
11135;Marcus;Harris;Marcus Harris;Male;2013-04-18;Burlingame
11136;Brianna;Morgan;Brianna Morgan;Female;2013-01-03;Metchosin
11137;Jasmine;Taylor;Jasmine Taylor;Female;2013-07-31;Spokane
11138;Lauren;Davis;Lauren Davis;Female;2013-09-19;Glendale
11139;Tanya;Moreno;Tanya Moreno;Female;2013-09-14;Cloverdale
11140;Javier;Alvarez;Javier Alvarez;Male;2013-03-19;Burbank
11141;Nicole;Ramirez;Nicole Ramirez;Female;2013-05-16;Daly City
11142;Eduardo;Patterson;Eduardo Patterson;Male;2013-02-13;Langford
11143;Jonathan;Henderson;Jonathan Henderson;Male;2013-06-15;Lakewood
11144;Edward;Hernandez;Edward Hernandez;Male;2013-01-25;Ballard
11145;Jasmine;Coleman;Jasmine Coleman;Female;2013-01-25;Beaverton
11146;Karla;Goel;Karla Goel;Female;2013-02-05;Matraville
11147;Ernest;Wu;Ernest Wu;Male;2011-05-13;Warrnambool
11148;Ross;Vazquez;Ross Vazquez;Male;2013-03-07;East Brisbane
11149;Theodore;Gill;Theodore Gill;Male;2013-06-04;Hervey Bay
11150;Russell;Shen;Russell Shen;Male;2013-03-27;Sunbury
11151;Melinda;Gill;Melinda Gill;Female;2011-05-15;Sydney
11152;James;Williams;James Williams;Male;2013-01-09;Puyallup
11153;Angela;James;Angela James;Female;2013-03-29;Renton
11154;Megan;Walker;Megan Walker;Female;2013-01-10;Woodburn
11155;Hunter;Robinson;Hunter Robinson;Male;2013-01-06;Burbank
11156;Maria;Roberts;Maria Roberts;Female;2013-01-08;Lakewood
11157;Hannah;Long;Hannah Long;Female;2013-07-24;Tacoma
11158;Jason;Wright;Jason Wright;Male;2013-01-19;San Gabriel
11159;Brianna;Hughes;Brianna Hughes;Female;2013-09-08;Woodland Hills
11160;Maurice;Tang;Maurice Tang;Male;2013-02-21;Concord
11161;Emily;Wood;Emily Wood;Female;2013-06-01;Concord
11162;Chase;Cox;Chase Cox;Male;2013-02-18;La Jolla
11163;Gabriel;Wang;Gabriel Wang;Male;2013-05-01;Spring Valley
11164;Devin;Brooks;Devin Brooks;Male;2013-04-27;Torrance
11165;Jocelyn;Alexander;Jocelyn Alexander;Female;2013-05-25;Oakland
11166;Ashley;Martinez;Ashley Martinez;Female;2013-10-14;Olympia
11167;Jasmine;Barnes;Jasmine Barnes;Female;2013-01-07;Issaquah
11168;David;Rodriguez;David Rodriguez;Male;2013-01-15;Oakland
11169;Bryce;Richardson;Bryce Richardson;Male;2013-05-26;Coronado
11170;Carol;Howard;Carol Howard;Female;2013-08-26;Burien
11171;Jonathan;Hill;Jonathan Hill;Male;2011-08-20;Woodland Hills
11172;Gabrielle;Adams;Gabrielle Adams;Female;2013-05-03;Lynnwood
11173;Sarah;Thomas;Sarah Thomas;Female;2013-03-02;W. Linn
11174;Nicholas;Robinson;Nicholas Robinson;Male;2013-07-13;Los Angeles
11175;Luis;Wang;Luis Wang;Male;2011-08-28;Beverly Hills
11176;Mason;Roberts;Mason Roberts;Male;2013-02-02;Haney
11177;Jose;Flores;Jose Flores;Male;2013-03-29;San Diego
11178;Nathan;Johnson;Nathan Johnson;Male;2013-02-21;Lakewood
11179;Molly;Rodriguez;Molly Rodriguez;Female;2013-03-12;Beverly Hills
11180;April;Anand;April Anand;Female;2013-03-17;Chula Vista
11181;Devin;Martin;Devin Martin;Male;2013-05-07;Los Angeles
11182;Stephanie;Torres;Stephanie Torres;Female;2013-08-28;Sedro Woolley
11183;Jasmine;Lee;Jasmine Lee;Female;2013-04-30;Santa Cruz
11184;Meghan;Hernandez;Meghan Hernandez;Female;2013-08-10;Concord
11185;Ashley;Henderson;Ashley Henderson;Female;2013-02-21;Metchosin
11186;Sarah;Price;Sarah Price;Female;2013-10-18;Palo Alto
11187;Jennifer;Cooper;Jennifer Cooper;Female;2013-04-03;Burien
11188;Catherine;Morris;Catherine Morris;Female;2013-11-01;San Gabriel
11189;Lawrence;Blanco;Lawrence Blanco;Male;2011-08-26;Bellingham
11190;Carson;Bryant;Carson Bryant;Male;2013-08-28;Beverly Hills
11191;Kristi;Perez;Kristi Perez;Female;2011-08-11;Colma
11192;James;Brown;James Brown;Male;2013-06-23;Seattle
11193;Ian;Gray;Ian Gray;Male;2013-02-25;Woodburn
11194;Jacqueline;Price;Jacqueline Price;Female;2013-03-13;Palo Alto
11195;Megan;Henderson;Megan Henderson;Female;2013-04-14;Renton
11196;Alfredo;Romero;Alfredo Romero;Male;2013-03-03;Beaverton
11197;Andrea;Morris;Andrea Morris;Female;2013-05-02;Seattle
11198;Brooke;Sanders;Brooke Sanders;Female;2013-02-05;Santa Cruz
11199;Jacqueline;Bennett;Jacqueline Bennett;Female;2013-03-18;Burlingame
11200;Jason;Griffin;Jason Griffin;Male;2013-02-07;Victoria
11201;Amanda;Foster;Amanda Foster;Female;2013-07-01;Santa Monica
11202;Alexia;Price;Alexia Price;Female;2013-09-15;Lakewood
11203;Luis;Diaz;Luis Diaz;Male;2013-02-20;Port Hammond
11204;Destiny;Rivera;Destiny Rivera;Female;2013-08-09;Beaverton
11205;Abby;Fernandez;Abby Fernandez;Female;2013-07-27;Burien
11206;Blake;Flores;Blake Flores;Male;2013-05-11;Lynnwood
11207;Danielle;Cox;Danielle Cox;Female;2013-01-31;Renton
11208;Maria;Reed;Maria Reed;Female;2013-03-04;Glendale
11209;Allison;Evans;Allison Evans;Female;2013-03-25;Lincoln Acres
11210;Edward;Wood;Edward Wood;Male;2013-05-06;West Covina
11211;Samantha;Russell;Samantha Russell;Female;2013-02-01;Haney
11212;Chloe;Campbell;Chloe Campbell;Female;2013-01-30;Metchosin
11213;Stephanie;Murphy;Stephanie Murphy;Female;2013-03-28;Edmonds
11214;Charles;Miller;Charles Miller;Male;2013-08-14;Milwaukie
11215;Ana;Perry;Ana Perry;Female;2013-02-15;Royal Oak
11216;Jasmine;Torres;Jasmine Torres;Female;2011-08-15;Portland
11217;Natalie;Adams;Natalie Adams;Female;2011-08-10;Portland
11218;Olivia;Brown;Olivia Brown;Female;2013-02-28;Tacoma
11219;Charles;Cook;Charles Cook;Male;2013-10-29;Woodburn
11220;Erica;Huang;Erica Huang;Female;2013-03-14;Colma
11221;Nathan;Perry;Nathan Perry;Male;2013-04-07;Lakewood
11222;Alexandra;Rivera;Alexandra Rivera;Female;2013-11-01;Santa Monica
11223;Hailey;Patterson;Hailey Patterson;Female;2013-01-29;Langley
11224;Tiffany;Li;Tiffany Li;Female;2011-08-07;Burien
11225;Madison;Lee;Madison Lee;Female;2013-06-22;Renton
11226;Sydney;Ross;Sydney Ross;Female;2013-02-21;W. Linn
11227;Marshall;Chavez;Marshall Chavez;Male;2011-08-03;Colma
11228;Ashley;Jones;Ashley Jones;Female;2013-10-25;El Cajon
11229;Adrian;Stewart;Adrian Stewart;Male;2013-07-27;Redwood City
11230;Amber;Turner;Amber Turner;Female;2013-07-16;Santa Monica
11231;Dennis;Zhang;Dennis Zhang;Male;2013-02-10;Bremerton
11232;Hailey;Bryant;Hailey Bryant;Female;2013-09-20;Everett
11233;Todd;Li;Todd Li;Male;2013-02-08;Berkeley
11234;Anna;Griffin;Anna Griffin;Female;2013-02-08;Long Beach
11235;Angel;Stewart;Angel Stewart;Male;2013-07-04;Ballard
11236;Jeremy;Butler;Jeremy Butler;Male;2013-10-03;Bellingham
11237;Clarence;Anand;Clarence Anand;Male;2011-09-05;Solingen
11238;Mayra;Prasad;Mayra Prasad;Female;2011-01-06;Birmingham
11239;Latoya;Goel;Latoya Goel;Female;2011-01-19;London
11240;Anne;Hernandez;Anne Hernandez;Female;2011-02-27;Watford
11241;Lisa;Cai;Lisa Cai;Female;2012-09-10;Les Ulis
11242;Larry;Munoz;Larry Munoz;Male;2012-09-19;Versailles
11243;Robin;Alvarez;Robin Alvarez;Female;2011-02-21;Esher-Molesey
11244;Alexis;Coleman;Alexis Coleman;Female;2011-02-12;Runcorn
11245;Ricky;Vazquez;Ricky Vazquez;Male;2011-09-26;Hamburg
11246;Latasha;Rubio;Latasha Rubio;Female;2011-10-03;Hamburg
11247;Claudia;Zhou;Claudia Zhou;Female;2011-02-18;Lancaster
11248;Tristan;Alexander;Tristan Alexander;Male;2013-07-14;Saint-Denis
11249;Cindy;Patel;Cindy Patel;Female;2011-10-09;Sulzbach Taunus
11250;Shannon;Liu;Shannon Liu;Female;2011-03-17;Woolston
11251;Xavier;Long;Xavier Long;Male;2013-10-18;Haney
11252;Nicholas;Thompson;Nicholas Thompson;Male;2011-08-14;Lemon Grove
11253;José;Hernandez;José Hernandez;Male;2013-03-01;Victoria
11254;Johnathan;Vance;Johnathan Vance;Male;2013-11-23;Burien
11255;Colin;Lin;Colin Lin;Male;2013-02-23;Burien
11256;Katelyn;Hernandez;Katelyn Hernandez;Female;2013-04-15;Lynnwood
11257;Jacqueline;Powell;Jacqueline Powell;Female;2011-08-24;Newport Beach
11258;Xavier;Hill;Xavier Hill;Male;2013-05-21;Palo Alto
11259;Victoria;Stewart;Victoria Stewart;Female;2011-09-04;Salem
11260;Katelyn;Kelly;Katelyn Kelly;Female;2013-02-05;Burlingame
11261;Stephanie;Collins;Stephanie Collins;Female;2011-09-27;San Diego
11262;Jennifer;Simmons;Jennifer Simmons;Female;2013-02-27;Port Hammond
11263;Trinity;Richardson;Trinity Richardson;Female;2011-08-29;Burien
11264;Eduardo;Martin;Eduardo Martin;Male;2013-01-02;Issaquah
11265;Elizabeth;Jones;Elizabeth Jones;Female;2013-01-03;Kirkland
11266;Taylor;Howard;Taylor Howard;Female;2011-09-10;Port Orchard
11267;David;Diaz;David Diaz;Male;2011-09-17;Burlingame
11268;Katelyn;Carter;Katelyn Carter;Female;2013-05-29;Coronado
11269;Ryan;Foster;Ryan Foster;Male;2013-08-22;Daly City
11270;Robert;Lee;Robert Lee;Male;2011-09-10;Lakewood
11271;Danielle;Reed;Danielle Reed;Female;2011-09-27;San Francisco
11272;Lauren;Martinez;Lauren Martinez;Female;2011-09-19;Beverly Hills
11273;Nathan;Lal;Nathan Lal;Male;2013-05-14;La Jolla
11274;Kyle;Foster;Kyle Foster;Male;2011-08-29;Bellingham
11275;Jenny;Rai;Jenny Rai;Female;2011-08-30;Colma
11276;Nancy;Chapman;Nancy Chapman;Female;2013-01-29;Cliffside
11277;Charles;Jackson;Charles Jackson;Male;2013-02-02;Royal Oak
11278;Jonathan;Phillips;Jonathan Phillips;Male;2011-09-16;Edmonds
11279;Amanda;Cook;Amanda Cook;Female;2013-03-03;Everett
11280;Robert;Collins;Robert Collins;Male;2013-07-01;Lynnwood
11281;Megan;Barnes;Megan Barnes;Female;2011-09-13;Burbank
11282;Christian;Thomas;Christian Thomas;Male;2011-08-31;Burien
11283;Arturo;Lal;Arturo Lal;Male;2013-05-29;Berkeley
11284;Theresa;Serrano;Theresa Serrano;Female;2013-02-06;Chula Vista
11285;Jeremy;Anderson;Jeremy Anderson;Male;2013-07-27;Fremont
11286;Hunter;Griffin;Hunter Griffin;Male;2011-09-21;Torrance
11287;Henry;Garcia;Henry Garcia;Male;2013-01-29;Cliffside
11288;Cindy;Sanchez;Cindy Sanchez;Female;2013-03-05;Burbank
11289;Maria;Carter;Maria Carter;Female;2011-09-08;Downey
11290;Katelyn;Sanchez;Katelyn Sanchez;Female;2011-09-20;Lakewood
11291;Jenna;Wright;Jenna Wright;Female;2011-09-04;Lemon Grove
11292;Seth;Phillips;Seth Phillips;Male;2011-09-15;San Gabriel
11293;Luke;Long;Luke Long;Male;2013-02-24;Port Orchard
11294;Dalton;Clark;Dalton Clark;Male;2013-09-25;Issaquah
11295;Taylor;Lewis;Taylor Lewis;Female;2011-09-25;Concord
11296;Haley;Richardson;Haley Richardson;Female;2011-09-01;Everett
11297;Noah;Coleman;Noah Coleman;Male;2011-09-26;Burbank
11298;Jon;Luo;Jon Luo;Male;2011-09-12;Chula Vista
11299;Orlando;Vazquez;Orlando Vazquez;Male;2011-09-26;Burbank
11300;Fernando;Barnes;Fernando Barnes;Male;2013-01-31;N. Vancouver
11301;Cameron;Rodriguez;Cameron Rodriguez;Male;2013-06-09;Ballard
11302;Spencer;Russell;Spencer Russell;Male;2011-09-06;Corvallis
11303;Julia;Coleman;Julia Coleman;Female;2011-09-02;Edmonds
11304;Julia;Garcia;Julia Garcia;Female;2013-03-20;Portland
11305;Sean;Evans;Sean Evans;Male;2013-03-25;Chula Vista
11306;Micah;Zhou;Micah Zhou;Male;2013-06-30;Coronado
11307;Hunter;Rodriguez;Hunter Rodriguez;Male;2011-09-04;Daly City
11308;Ian;Gonzales;Ian Gonzales;Male;2013-09-07;Oregon City
11309;Victoria;Lewis;Victoria Lewis;Female;2013-07-09;Beaverton
11310;Erin;Sanders;Erin Sanders;Female;2013-08-12;San Francisco
11311;Gabrielle;Lopez;Gabrielle Lopez;Female;2013-04-18;Lynnwood
11312;Sara;Richardson;Sara Richardson;Female;2013-05-17;Lynnwood
11313;Trevor;Jenkins;Trevor Jenkins;Male;2013-05-07;Port Orchard
11314;Mya;Flores;Mya Flores;Female;2013-02-25;Issaquah
11315;Hailey;Ward;Hailey Ward;Female;2013-05-20;Port Orchard
11316;Luke;Allen;Luke Allen;Male;2013-01-12;Langford
11317;Victoria;Russell;Victoria Russell;Female;2011-09-01;Salem
11318;Jessica;Wilson;Jessica Wilson;Female;2013-10-17;Edmonds
11319;Jade;Bailey;Jade Bailey;Female;2011-09-09;Oakland
11320;Morgan;Hill;Morgan Hill;Female;2013-06-15;Glendale
11321;Terrance;Raman;Terrance Raman;Male;2013-02-23;Burien
11322;Sydney;Garcia;Sydney Garcia;Female;2013-03-24;Bremerton
11323;Jose;Patterson;Jose Patterson;Male;2011-09-10;Daly City
11324;Zachary;Anderson;Zachary Anderson;Male;2011-09-26;Glendale
11325;Elijah;Ross;Elijah Ross;Male;2011-09-19;Seattle
11326;Rafael;Xie;Rafael Xie;Male;2011-09-15;Beverly Hills
11327;Jaime;Moreno;Jaime Moreno;Male;2011-09-26;Burbank
11328;Julian;Griffin;Julian Griffin;Male;2013-01-05;Newton
11329;Andy;Alvarez;Andy Alvarez;Male;2011-09-25;Concord
11330;Ryan;Thompson;Ryan Thompson;Male;2013-02-12;Oak Bay
11331;Samantha;Jenkins;Samantha Jenkins;Female;2013-02-07;Shawnee
11332;Deanna;Ramos;Deanna Ramos;Female;2011-10-15;Berlin
11333;Emily;Miller;Emily Miller;Female;2011-03-21;Newcastle upon Tyne
11334;Nicole;Brown;Nicole Brown;Female;2011-03-04;Stoke-on-Trent
11335;Carla;Raman;Carla Raman;Female;2011-10-23;Hof
11336;Shaun;Raji;Shaun Raji;Male;2012-09-27;Paris
11337;Jerome;Romero;Jerome Romero;Male;2011-03-09;Watford
11338;Frank;Navarro;Frank Navarro;Male;2011-10-11;Bonn
11339;Dennis;She;Dennis She;Male;2012-10-07;Paris
11340;Melody;Munoz;Melody Munoz;Female;2012-10-27;Paris
11341;Randy;Zeng;Randy Zeng;Male;2011-04-11;Cheltenham
11342;Marshall;Wang;Marshall Wang;Male;2013-07-12;Boulogne-sur-Mer
11343;Arthur;Carlson;Arthur Carlson;Male;2011-04-04;Oxon
11344;Jessie;Jimenez;Jessie Jimenez;Female;2011-05-13;Oxford
11345;Robin;Ramos;Robin Ramos;Female;2012-10-22;Tremblay-en-France
11346;Deanna;Gutierrez;Deanna Gutierrez;Female;2012-10-01;Paris
11347;Roy;Navarro;Roy Navarro;Male;2013-03-16;Braunschweig
11348;Shawn;Rai;Shawn Rai;Male;2013-03-31;Paderborn
11349;Mindy;Luo;Mindy Luo;Female;2014-01-13;München
11350;Cara;Zhou;Cara Zhou;Female;2013-02-05;Peterborough
11351;Anne;Ramos;Anne Ramos;Female;2011-06-12;London
11352;Raymond;Rodriguez;Raymond Rodriguez;Male;2013-05-01;Pantin
11353;Carrie;Ortega;Carrie Ortega;Female;2011-06-12;Warrington
11354;Deanna;Suarez;Deanna Suarez;Female;2013-12-03;Grevenbroich
11355;Roberto;Gutierrez;Roberto Gutierrez;Male;2013-09-26;Wokingham
11356;Terrence;Carson;Terrence Carson;Male;2011-05-10;Lavender Bay
11357;Ramon;Ye;Ramon Ye;Male;2011-06-18;Caloundra
11358;Cynthia;Malhotra;Cynthia Malhotra;Female;2011-06-28;Coffs Harbour
11359;Jarrod;Prasad;Jarrod Prasad;Male;2011-06-13;Malabar
11360;Tyrone;Serrano;Tyrone Serrano;Male;2011-06-27;Rockhampton
11361;Cindy;Ramos;Cindy Ramos;Female;2013-10-01;Newcastle
11362;Damien;Shan;Damien Shan;Male;2013-03-29;Cranbourne
11363;Julian;Ross;Julian Ross;Male;2011-06-08;Melbourne
11364;Jennifer;Collins;Jennifer Collins;Female;2011-06-07;Geelong
11365;Brittney;Sun;Brittney Sun;Female;2011-05-31;Findon
11366;Virginia;Patel;Virginia Patel;Female;2013-06-24;Seaford
11367;Calvin;Nara;Calvin Nara;Male;2013-07-07;North Sydney
11368;Edward;Miller;Edward Miller;Male;2011-06-24;Rockhampton
11369;Ashlee;Tang;Ashlee Tang;Female;2013-07-05;Findon
11370;Alicia;Xu;Alicia Xu;Female;2013-07-13;South Melbourne
11371;Lacey;Jai;Lacey Jai;Female;2013-11-07;Rockhampton
11372;Wendy;Romero;Wendy Romero;Female;2011-06-07;Brisbane
11373;Carly;Luo;Carly Luo;Female;2013-08-27;Salzgitter
11374;Jimmy;Ortega;Jimmy Ortega;Male;2013-04-15;Werne
11375;Francisco;Martinez;Francisco Martinez;Male;2013-10-17;High Wycombe
11376;Lance;Vazquez;Lance Vazquez;Male;2013-10-15;Liverpool
11377;David;Robinett;David Robinett;Male;2013-02-28;Solingen
11378;Shannon;Liang;Shannon Liang;Female;2012-10-17;Metz
11379;Gary;Vazquez;Gary Vazquez;Male;2012-10-02;Boulogne-Billancourt
11380;Mitchell;Kumar;Mitchell Kumar;Male;2011-10-11;Saarlouis
11381;Meredith;Raman;Meredith Raman;Female;2011-06-12;London
11382;Edward;Patterson;Edward Patterson;Male;2012-11-03;Roubaix
11383;Marie;Gill;Marie Gill;Female;2014-01-01;Roissy en Brie
11384;Tiffany;Wang;Tiffany Wang;Female;2013-08-02;Les Ulis
11385;Miguel;Allen;Miguel Allen;Male;2013-07-06;York
11386;Jaclyn;Cai;Jaclyn Cai;Female;2013-11-02;Darmstadt
11387;Megan;Ramirez;Megan Ramirez;Female;2011-07-26;Gateshead
11388;Joseph;Martin;Joseph Martin;Male;2011-07-03;York
11389;Karl;Shan;Karl Shan;Male;2013-11-17;Duesseldorf
11390;Christine;Raji;Christine Raji;Female;2013-11-07;Saint Germain en Laye
11391;Lindsay;Xie;Lindsay Xie;Female;2013-10-26;Salzgitter
11392;Willie;Zhao;Willie Zhao;Male;2013-03-29;Frankfurt
11393;Kurt;Pal;Kurt Pal;Male;2013-07-16;Saint Ouen
11394;George;McDonald;George McDonald;Male;2011-07-04;Milton Keynes
11395;Beth;Gutierrez;Beth Gutierrez;Female;2011-11-14;Frankfurt
11396;Ian;Lopez;Ian Lopez;Male;2013-10-26;Saarlouis
11397;Latoya;Shan;Latoya Shan;Female;2013-07-07;Paris
11398;Colin;Nath;Colin Nath;Male;2011-07-03;Newcastle upon Tyne
11399;Brenda;Mehta;Brenda Mehta;Female;2013-04-13;Paris
11400;Franklin;Raji;Franklin Raji;Male;2011-07-15;London
11401;Linda;Navarro;Linda Navarro;Female;2012-10-28;Paris
11402;Kelli;Cai;Kelli Cai;Female;2012-11-07;Orleans
11403;Nancy;Schmidt;Nancy Schmidt;Female;2012-10-28;Saint Ouen
11404;Megan;Taylor;Megan Taylor;Female;2013-02-10;Kassel
11405;Bonnie;Goel;Bonnie Goel;Female;2013-03-31;Bonn
11406;Latoya;Xu;Latoya Xu;Female;2012-11-04;Paris
11407;Mario;She;Mario She;Male;2013-06-23;Münster
11408;Darren;Gill;Darren Gill;Male;2013-03-05;London
11409;Jacqueline;Hayes;Jacqueline Hayes;Female;2012-11-17;Saint Germain en Laye
11410;Maurice;Goel;Maurice Goel;Male;2012-11-13;Paris
11411;Devin;Ross;Devin Ross;Male;2013-08-04;Ingolstadt
11412;Sydney;Bryant;Sydney Bryant;Female;2011-11-05;Ingolstadt
11413;Megan;Stewart;Megan Stewart;Female;2011-08-10;Gateshead
11414;Ian;Richardson;Ian Richardson;Male;2011-08-13;Kirkby
11415;Randy;She;Randy She;Male;2013-08-16;Darmstadt
11416;Katrina;Becker;Katrina Becker;Female;2012-11-07;Croix
11417;Lacey;Zheng;Lacey Zheng;Female;2012-11-04;Pantin
11418;Rafael;Hu;Rafael Hu;Male;2013-12-17;Paderborn
11419;Kyle;Scott;Kyle Scott;Male;2013-03-12;Watford
11420;Jordan;Turner;Jordan Turner;Male;2012-11-01;Roubaix
11421;Amy;Sun;Amy Sun;Female;2011-11-03;Offenbach
11422;Dustin;Deng;Dustin Deng;Male;2011-08-22;Liverpool
11423;Jasmine;Stewart;Jasmine Stewart;Female;2011-12-10;Hamburg
11424;Pamela;Garcia;Pamela Garcia;Female;2013-04-21;Berlin
11425;Ariana;Gray;Ariana Gray;Female;2012-11-22;Metz
11426;Kristopher;Mehta;Kristopher Mehta;Male;2013-04-09;Braunschweig
11427;Desiree;Dominguez;Desiree Dominguez;Female;2011-12-20;Kiel
11428;Deanna;Perez;Deanna Perez;Female;2011-12-05;Poing
11429;Marco;Lopez;Marco Lopez;Male;2012-12-14;Sèvres
11430;Casey;Yuan;Casey Yuan;Female;2013-03-19;Bottrop
11431;Bryant;Garcia;Bryant Garcia;Male;2011-12-21;Hof
11432;Dominique;Prasad;Dominique Prasad;Female;2012-12-10;Roissy en Brie
11433;Maurice;Shan;Maurice Shan;Male;2012-12-02;Tremblay-en-France
11434;Andre;Lopez;Andre Lopez;Male;2013-06-15;West Sussex
11435;Robin;Romero;Robin Romero;Female;2014-01-04;Kiel
11436;Taylor;Cox;Taylor Cox;Female;2013-05-22;Watford
11437;Alfredo;Moreno;Alfredo Moreno;Male;2013-12-19;Villeneuve-d'Ascq
11438;Jenny;Nara;Jenny Nara;Female;2013-02-05;Werne
11439;Janet;Munoz;Janet Munoz;Female;2012-11-29;Paris La Defense
11440;Sergio;Weber;Sergio Weber;Male;2013-03-27;Lille
11441;Erika;Gomez;Erika Gomez;Female;2014-01-08;Paris
11442;Joseph;Harris;Joseph Harris;Male;2013-09-29;Tremblay-en-France
11443;Grace;Griffin;Grace Griffin;Female;2011-06-07;Hobart
11444;Tina;Mehta;Tina Mehta;Female;2011-06-01;Bendigo
11445;Kari;Kim;Kari Kim;Female;2011-06-06;Silverwater
11446;Bethany;Chander;Bethany Chander;Female;2011-06-18;Lane Cove
11447;Jennifer;Roberts;Jennifer Roberts;Female;2011-06-28;Hervey Bay
11448;Kyle;Patterson;Kyle Patterson;Male;2011-06-16;Melbourne
11449;Alvin;Hu;Alvin Hu;Male;2011-06-19;Seaford
11450;Brett;Mehta;Brett Mehta;Male;2011-06-29;Cloverdale
11451;Ruben;Muñoz;Ruben Muñoz;Male;2011-07-29;Newcastle
11452;Erika;Rubio;Erika Rubio;Female;2011-07-11;Caloundra
11453;Stanley;Malhotra;Stanley Malhotra;Male;2011-07-15;Hobart
11454;Melinda;Navarro;Melinda Navarro;Female;2011-07-31;Melbourne
11455;Ross;Sanz;Ross Sanz;Male;2011-07-01;Melton
11456;Jon;Gao;Jon Gao;Male;2011-07-17;St. Leonards
11457;Jaime;Gutierrez;Jaime Gutierrez;Female;2011-07-17;Wollongong
11458;Bianca;Liu;Bianca Liu;Female;2013-03-30;Springwood
11459;Tasha;Deng;Tasha Deng;Female;2011-07-27;Port Macquarie
11460;Melvin;Chande;Melvin Chande;Male;2011-07-21;Cranbourne
11461;Victor;Jimenez;Victor Jimenez;Male;2011-07-31;Lavender Bay
11462;Laura;Lin;Laura Lin;Female;2011-07-16;Matraville
11463;Alisha;Beck;Alisha Beck;Female;2013-03-05;Cloverdale
11464;Alejandro;Huang;Alejandro Huang;Male;2011-07-22;South Melbourne
11465;Louis;Luo;Louis Luo;Male;2011-07-14;Gold Coast
11466;Grant;Tang;Grant Tang;Male;2013-05-22;Lavender Bay
11467;Arturo;Zheng;Arturo Zheng;Male;2013-07-31;St. Leonards
11468;Jaclyn;Andersen;Jaclyn Andersen;Female;2011-08-08;York
11469;Edwin;Raji;Edwin Raji;Male;2013-08-09;York
11470;Jay;Suarez;Jay Suarez;Male;2012-01-22;Stuttgart
11471;Latasha;Suarez;Latasha Suarez;Female;2013-05-17;Chatou
11472;Kenneth;Kumar;Kenneth Kumar;Male;2011-07-26;Hawthorne
11473;Grace;Henderson;Grace Henderson;Female;2013-06-02;Drancy
11474;Melvin;Xu;Melvin Xu;Male;2013-09-26;Peterborough
11475;Cesar;Subram;Cesar Subram;Male;2013-04-23;London
11476;Erika;Navarro;Erika Navarro;Female;2013-11-01;Kirkby
11477;Tristan;Hughes;Tristan Hughes;Male;2013-09-25;Darmstadt
11478;Billy;Hernandez;Billy Hernandez;Male;2013-04-19;Sèvres
11479;Darryl;Wu;Darryl Wu;Male;2012-12-05;Saint Ouen
11480;Colleen;Ma;Colleen Ma;Female;2012-12-25;Tremblay-en-France
11481;Erica;Hu;Erica Hu;Female;2012-01-27;Braunschweig
11482;Adrienne;Torres;Adrienne Torres;Female;2011-09-08;Warrington
11483;Calvin;Chande;Calvin Chande;Male;2012-12-22;Paris
11484;Erick;Sai;Erick Sai;Male;2012-01-02;Neunkirchen
11485;Donald;Chandra;Donald Chandra;Male;2011-09-14;Esher-Molesey
11486;Ariana;Rogers;Ariana Rogers;Female;2013-11-24;Erlangen
11487;Morgan;Jones;Morgan Jones;Female;2013-12-15;Dunkerque
11488;Jermaine;Lopez;Jermaine Lopez;Male;2011-10-28;London
11489;Deborah;Goel;Deborah Goel;Female;2011-10-28;Oxford
11490;Danny;Rubio;Danny Rubio;Male;2013-04-04;Paris La Defense
11491;Andre;Perez;Andre Perez;Male;2011-11-07;London
11492;Terrence;Chander;Terrence Chander;Male;2012-02-11;Eilenburg
11493;Dawn;Wu;Dawn Wu;Female;2011-11-14;London
11494;Jimmy;Gutierrez;Jimmy Gutierrez;Male;2011-12-23;Runcorn
11495;Francis;Jimenez;Francis Jimenez;Male;2013-10-26;Bonn
11496;Gary;Ortega;Gary Ortega;Male;2011-11-30;Warrington
11497;Katrina;Nath;Katrina Nath;Female;2013-11-04;Newcastle upon Tyne
11498;Arturo;Sun;Arturo Sun;Male;2013-02-28;Cliffside
11499;Pedro;Vance;Pedro Vance;Male;2013-04-06;Concord
11500;Sarah;Simmons;Sarah Simmons;Female;2013-01-31;Langley
11501;Brandy;Chandra;Brandy Chandra;Female;2013-03-27;Cliffside
11502;Jared;Peterson;Jared Peterson;Male;2013-01-30;Shawnee
11503;Dennis;Wu;Dennis Wu;Male;2013-05-26;Coronado
11504;Jordan;Baker;Jordan Baker;Female;2013-05-01;Downey
11505;Jasmine;Powell;Jasmine Powell;Female;2013-02-22;Burnaby
11506;Nicholas;Brown;Nicholas Brown;Male;2013-03-08;Port Hammond
11507;Isabella;Russell;Isabella Russell;Female;2013-02-17;Victoria
11508;Elizabeth;Wilson;Elizabeth Wilson;Female;2013-05-02;Lynnwood
11509;Roger;Harui;Roger Harui;Female;2013-07-29;Novato
11510;Seth;Roberts;Seth Roberts;Male;2013-03-12;N. Vancouver
11511;Caleb;Perry;Caleb Perry;Male;2013-03-13;Lebanon
11512;Natalie;Campbell;Natalie Campbell;Female;2013-12-28;Oak Bay
11513;Alyssa;Howard;Alyssa Howard;Female;2013-06-08;Royal Oak
11514;Dalton;Diaz;Dalton Diaz;Male;2013-06-24;Tacoma
11515;Shannon;Huang;Shannon Huang;Female;2011-08-31;Burbank
11516;Mya;Gonzales;Mya Gonzales;Female;2011-09-15;Colma
11517;Katherine;Bryant;Katherine Bryant;Female;2013-06-26;Redwood City
11518;Edward;Washington;Edward Washington;Male;2013-10-27;Milwaukie
11519;Jerome;Navarro;Jerome Navarro;Male;2013-03-13;Cliffside
11520;Jada;Morgan;Jada Morgan;Female;2013-02-22;Port Hammond
11521;Ariana;Peterson;Ariana Peterson;Female;2013-03-05;Walla Walla
11522;Christian;Hughes;Christian Hughes;Male;2011-09-03;Oregon City
11523;Lucas;Taylor;Lucas Taylor;Male;2013-02-15;N. Vancouver
11524;Alyssa;Jackson;Alyssa Jackson;Female;2013-08-28;Torrance
11525;Ariana;Cook;Ariana Cook;Female;2011-09-06;Lebanon
11526;Katherine;Diaz;Katherine Diaz;Female;2013-02-03;Westminster
11527;Jenna;Green;Jenna Green;Female;2013-02-07;San Gabriel
11528;Joan;Washington;Joan Washington;Female;2011-09-12;Glendale
11529;Austin;Bryant;Austin Bryant;Male;2011-09-24;Portland
11530;Andrew;Martinez;Andrew Martinez;Male;2013-01-28;N. Vancouver
11531;Nina;Yuan;Nina Yuan;Female;2011-08-30;Beverly Hills
11532;Lauren;Miller;Lauren Miller;Female;2013-04-05;Redmond
11533;Ebony;Gill;Ebony Gill;Female;2013-05-14;Birmingham
11534;Cameron;Lewis;Cameron Lewis;Male;2011-09-18;Long Beach
11535;Devin;Nelson;Devin Nelson;Male;2011-09-02;Lebanon
11536;Logan;Chow;Logan Chow;Male;2011-09-24;Fremont
11537;Dakota;Ross;Dakota Ross;Male;2011-09-21;Colma
11538;Nicole;Taylor;Nicole Taylor;Female;2011-09-16;Palo Alto
11539;Justin;Washington;Justin Washington;Male;2011-09-23;Concord
11540;Alberto;Navarro;Alberto Navarro;Male;2011-09-13;Coronado
11541;Aidan;Ross;Aidan Ross;Male;2011-09-12;Portland
11542;Alejandro;Tang;Alejandro Tang;Male;2013-05-11;York
11543;Sheena;Chande;Sheena Chande;Female;2013-12-21;Paris
11544;Joel;Garcia;Joel Garcia;Male;2013-08-28;Darmstadt
11545;Reginald;Dominguez;Reginald Dominguez;Male;2013-07-13;Paris
11546;Christine;Chande;Christine Chande;Female;2012-12-02;Roubaix
11547;Cindy;Sai;Cindy Sai;Female;2012-12-25;Paris
11548;Raymond;Sanchez;Raymond Sanchez;Male;2011-12-02;Berkshire
11549;Crystal;Liang;Crystal Liang;Female;2011-12-21;London
11550;Deb;Torres;Deb Torres;Female;2012-01-20;Oxford
11551;Shannon;Alvarez;Shannon Alvarez;Male;2013-03-01;Colombes
11552;Eddie;Rubio;Eddie Rubio;Male;2014-01-06;Salzgitter
11553;Sharon;Luo;Sharon Luo;Female;2013-08-22;Reading
11554;Sydney;Simmons;Sydney Simmons;Female;2013-05-08;Tremblay-en-France
11555;Alexandria;Henderson;Alexandria Henderson;Female;2013-05-08;Esher-Molesey
11556;Lucas;Evans;Lucas Evans;Male;2013-12-21;Warrington
11557;Felicia;Ramos;Felicia Ramos;Female;2013-08-08;York
11558;Ivan;Malhotra;Ivan Malhotra;Male;2013-11-30;Woolston
11559;Frederick;Subram;Frederick Subram;Male;2013-11-29;Solingen
11560;Whitney;Srini;Whitney Srini;Female;2013-12-03;London
11561;Briana;Dominguez;Briana Dominguez;Female;2012-02-19;München
11562;Jarrod;Gonzalez;Jarrod Gonzalez;Male;2013-06-26;Leipzig
11563;Cesar;Srini;Cesar Srini;Male;2013-07-05;London
11564;Jorge;Liang;Jorge Liang;Male;2012-02-16;Frankfurt am Main
11565;Erik;Diaz;Erik Diaz;Male;2013-09-08;Berks
11566;April;Shan;April Shan;Female;2013-01-28;Cergy
11567;Carla;Perez;Carla Perez;Female;2013-03-15;Berlin
11568;Alexia;Foster;Alexia Foster;Female;2012-01-10;Cheltenham
11569;Troy;Malhotra;Troy Malhotra;Male;2013-11-20;West Sussex
11570;Kristin;Andersen;Kristin Andersen;Female;2012-03-25;Berlin
11571;Joel;Sai;Joel Sai;Male;2012-12-12;Orleans
11572;Billy;Moreno;Billy Moreno;Male;2012-12-09;Dunkerque
11573;Meagan;Subram;Meagan Subram;Female;2013-07-27;Woolston
11574;Karla;Luo;Karla Luo;Female;2013-03-15;West Sussex
11575;Jackson;Campbell;Jackson Campbell;Male;2012-01-20;Leeds
11576;Micah;Zhu;Micah Zhu;Male;2012-12-15;Croix
11577;Janet;Serrano;Janet Serrano;Female;2012-12-21;Paris
11578;Trisha;Huang;Trisha Huang;Female;2012-11-29;Pantin
11579;Clayton;Beck;Clayton Beck;Male;2013-07-31;Warrington
11580;Melvin;Raje;Melvin Raje;Male;2013-04-16;Berkshire
11581;Cindy;Jordan;Cindy Jordan;Female;2013-02-11;Paris
11582;Claudia;Ma;Claudia Ma;Female;2012-12-07;Pantin
11583;Karla;Xu;Karla Xu;Female;2012-12-21;Chatou
11584;Devin;Carter;Devin Carter;Male;2013-09-16;Neunkirchen
11585;Kari;Perez;Kari Perez;Female;2014-01-10;Billericay
11586;Alberto;Romero;Alberto Romero;Male;2013-10-28;York
11587;Kevin;Bryant;Kevin Bryant;Male;2012-11-29;Metz
11588;Candace;Mehta;Candace Mehta;Female;2012-11-29;Saint-Denis
11589;Ebony;Malhotra;Ebony Malhotra;Female;2013-06-04;London
11590;Erika;Diaz;Erika Diaz;Female;2012-12-01;Drancy
11591;Stacey;Lu;Stacey Lu;Female;2011-01-11;Versailles
11592;Darrell;Raji;Darrell Raji;Male;2011-01-11;Paris
11593;Armando;Moreno;Armando Moreno;Male;2011-01-21;Orleans
11594;Corey;Goel;Corey Goel;Male;2013-08-17;Verrieres Le Buisson
11595;Sebastian;Howard;Sebastian Howard;Male;2013-12-30;Erlangen
11596;Roger;Raje;Roger Raje;Male;2013-10-01;Runcorn
11597;Janelle;Chandra;Janelle Chandra;Female;2014-01-05;Orly
11598;Meredith;Ruiz;Meredith Ruiz;Female;2012-03-11;Saarbrücken
11599;Melody;Diaz;Melody Diaz;Female;2011-01-18;Les Ulis
11600;Linda;Rubio;Linda Rubio;Female;2013-05-06;Sèvres
11601;Ivan;Raman;Ivan Raman;Male;2011-01-19;Versailles
11602;Larry;Gill;Larry Gill;Male;2013-07-10;Salzgitter
11603;Geoffrey;Gonzalez;Geoffrey Gonzalez;Male;2012-01-18;London
11604;Edgar;Sanchez;Edgar Sanchez;Male;2012-01-03;Wokingham
11605;Heidi;Subram;Heidi Subram;Female;2012-03-08;Stuttgart
11606;Melody;Ramos;Melody Ramos;Female;2011-01-08;Morangis
11607;Clinton;Moreno;Clinton Moreno;Male;2011-01-19;Paris
11608;Cesar;Madan;Cesar Madan;Male;2013-12-13;Paris La Defense
11609;Eugene;Ye;Eugene Ye;Male;2012-01-28;York
11610;Blake;Collins;Blake Collins;Male;2012-01-10;Stoke-on-Trent
11611;Ernest;Lin;Ernest Lin;Male;2011-01-23;Orleans
11612;Keith;Andersen;Keith Andersen;Male;2012-02-02;Berkshire
11613;Meredith;Prasad;Meredith Prasad;Female;2012-05-13;Leipzig
11614;Katrina;Sharma;Katrina Sharma;Female;2012-05-10;Offenbach
11615;Dwayne;Navarro;Dwayne Navarro;Male;2012-02-22;Lancaster
11616;Casey;Nath;Casey Nath;Female;2012-02-03;Milton Keynes
11617;Sean;Brooks;Sean Brooks;Male;2011-09-10;Grossmont
11618;Brian;Ramirez;Brian Ramirez;Male;2013-02-09;Cliffside
11619;Sierra;Young;Sierra Young;Female;2013-02-08;Victoria
11620;Megan;Rodriguez;Megan Rodriguez;Female;2013-02-08;Bellingham
11621;Leah;She;Leah She;Female;2013-08-01;Bremerton
11622;Gabriel;Allen;Gabriel Allen;Male;2013-04-08;Kirkland
11623;Angela;Perry;Angela Perry;Female;2011-09-07;Fremont
11624;Ryan;Smith;Ryan Smith;Male;2011-09-21;Mill Valley
11625;Zachary;Moore;Zachary Moore;Male;2011-09-24;Palo Alto
11626;Destiny;Rogers;Destiny Rogers;Female;2011-09-01;San Francisco
11627;Dalton;Gray;Dalton Gray;Male;2013-08-27;Spring Valley
11628;Mariah;Wood;Mariah Wood;Female;2011-09-12;Bellflower
11629;Isaiah;Wright;Isaiah Wright;Male;2011-09-25;Newport Beach
11630;Haley;Powell;Haley Powell;Female;2011-09-21;Seattle
11631;Antonio;Bennett;Antonio Bennett;Male;2013-02-07;Langley
11632;Alexandra;Jenkins;Alexandra Jenkins;Female;2013-01-30;Langford
11633;Thomas;Anderson;Thomas Anderson;Male;2013-11-13;Burien
11634;Samuel;Collins;Samuel Collins;Male;2013-03-11;Puyallup
11635;Darrell;Chande;Darrell Chande;Male;2013-02-08;Beverly Hills
11636;Kimberly;Cox;Kimberly Cox;Female;2013-09-11;Daly City
11637;Morgan;Hernandez;Morgan Hernandez;Female;2013-02-08;Los Angeles
11638;Antonio;Powell;Antonio Powell;Male;2013-10-19;Mill Valley
11639;Angelica;Perry;Angelica Perry;Female;2013-11-09;Mill Valley
11640;Chloe;Wilson;Chloe Wilson;Female;2013-03-15;Langford
11641;James;Chen;James Chen;Male;2013-01-30;Cliffside
11642;Morgan;Hughes;Morgan Hughes;Female;2013-02-09;Oak Bay
11643;Naomi;Munoz;Naomi Munoz;Female;2013-04-21;Burien
11644;Charles;Torres;Charles Torres;Male;2013-05-17;Redmond
11645;Gabriella;Turner;Gabriella Turner;Female;2013-11-10;Salem
11646;Anna;Foster;Anna Foster;Female;2013-07-15;Burien
11647;Randy;Wu;Randy Wu;Male;2013-02-15;Cliffside
11648;Kevin;Scott;Kevin Scott;Male;2013-08-28;Chula Vista
11649;Ian;White;Ian White;Male;2013-04-05;Newport Beach
11650;Caleb;Hayes;Caleb Hayes;Male;2013-02-15;Glendale
11651;Patricia;Garcia;Patricia Garcia;Female;2013-03-04;Cliffside
11652;Samuel;Russell;Samuel Russell;Male;2013-06-26;Vancouver
11653;Sydney;Peterson;Sydney Peterson;Female;2013-04-16;Lebanon
11654;Ariana;Sanchez;Ariana Sanchez;Female;2011-10-18;Bellflower
11655;Tamara;Sharma;Tamara Sharma;Female;2013-09-29;Concord
11656;Katelyn;Perez;Katelyn Perez;Female;2013-09-11;Imperial Beach
11657;Megan;Cox;Megan Cox;Female;2013-05-25;Novato
11658;Robert;Mitchell;Robert Mitchell;Male;2013-04-23;Oakland
11659;Miguel;Adams;Miguel Adams;Male;2013-05-09;Sooke
11660;Miranda;Gonzales;Miranda Gonzales;Female;2013-05-08;Port Hammond
11661;Jeremiah;James;Jeremiah James;Male;2013-04-06;Cliffside
11662;Ethan;Kumar;Ethan Kumar;Male;2013-05-06;Milwaukie
11663;Seth;Williams;Seth Williams;Male;2011-10-28;Walla Walla
11664;Alyssa;Morgan;Alyssa Morgan;Female;2011-10-27;Burlingame
11665;Janet;Dominguez;Janet Dominguez;Female;2011-10-13;Chula Vista
11666;Angel;Baker;Angel Baker;Male;2011-10-17;Torrance
11667;Blake;Moore;Blake Moore;Male;2013-07-04;Walla Walla
11668;Jada;Collins;Jada Collins;Female;2013-12-16;Beverly Hills
11669;Isabella;Simmons;Isabella Simmons;Female;2013-08-18;Tacoma
11670;Jacqueline;Perry;Jacqueline Perry;Female;2013-04-13;Grossmont
11671;Jessica;Brown;Jessica Brown;Female;2011-10-21;El Cajon
11672;Chad;Jai;Chad Jai;Male;2013-07-25;Beverly Hills
11673;Susan;Ye;Susan Ye;Female;2013-01-30;Burien
11674;Morgan;Rogers;Morgan Rogers;Female;2013-05-30;Woodland Hills
11675;Devin;Martinez;Devin Martinez;Male;2011-10-25;Everett
11676;Alan;Hu;Alan Hu;Male;2013-08-20;Branch
11677;Charles;Walker;Charles Walker;Male;2013-04-05;Haney
11678;Johnny;Chavez;Johnny Chavez;Male;2011-10-10;Cheyenne
11679;Dalton;Richardson;Dalton Richardson;Male;2013-10-13;Puyallup
11680;Kaylee;Nelson;Kaylee Nelson;Female;2013-09-01;Redmond
11681;Abigail;Jones;Abigail Jones;Female;2013-03-07;Spokane
11682;Kaitlyn;Hall;Kaitlyn Hall;Female;2013-09-05;Tacoma
11683;Greg;Taylor;Greg Taylor;Male;2011-10-05;El Cajon
11684;Devin;Parker;Devin Parker;Male;2013-07-01;Redmond
11685;Jose;Griffin;Jose Griffin;Male;2013-03-11;Milwaukie
11686;Luke;Edwards;Luke Edwards;Male;2013-03-08;Glendale
11687;Cody;Torres;Cody Torres;Male;2013-04-12;La Jolla
11688;Victoria;Morris;Victoria Morris;Female;2011-10-02;Sedro Woolley
11689;Ian;Diaz;Ian Diaz;Male;2013-08-26;Edmonds
11690;Caroline;Butler;Caroline Butler;Female;2011-10-25;Port Orchard
11691;Kaitlyn;Wilson;Kaitlyn Wilson;Female;2013-02-08;Imperial Beach
11692;Caleb;Gonzales;Caleb Gonzales;Male;2013-07-07;Burbank
11693;Hailey;Diaz;Hailey Diaz;Female;2013-01-28;Haney
11694;Jonathon;Ortega;Jonathon Ortega;Male;2013-04-11;Colma
11695;Logan;Campbell;Logan Campbell;Male;2013-04-09;Beverly Hills
11696;Mackenzie;Campbell;Mackenzie Campbell;Female;2011-10-01;Tacoma
11697;Eduardo;Lee;Eduardo Lee;Male;2013-08-07;Oakland
11698;Jackson;Wright;Jackson Wright;Male;2013-03-31;Metchosin
11699;Chase;Peterson;Chase Peterson;Male;2013-05-29;Walla Walla
11700;Xavier;Richardson;Xavier Richardson;Male;2013-02-02;Woodland Hills
11701;David;Hayes;David Hayes;Male;2013-04-24;Novato
11702;Jenny;Zhou;Jenny Zhou;Female;2013-05-17;Burlingame
11703;Kaylee;Baker;Kaylee Baker;Female;2013-02-13;La Jolla
11704;Evan;Hernandez;Evan Hernandez;Male;2013-07-07;Santa Cruz
11705;Brooke;Richardson;Brooke Richardson;Female;2011-10-28;Woodland Hills
11706;Blake;Perez;Blake Perez;Male;2013-03-08;Burlingame
11707;Natalie;Cook;Natalie Cook;Female;2011-10-10;Woodland Hills
11708;Elizabeth;Weisman;Elizabeth Weisman;Female;2011-10-25;Lincoln Acres
11709;Hailey;Collins;Hailey Collins;Female;2013-03-11;Victoria
11710;Zoe;Ramirez;Zoe Ramirez;Female;2013-11-23;La Jolla
11711;Daniel;Davis;Daniel Davis;Male;2013-02-07;N. Vancouver
11712;Shelby;Rogers;Shelby Rogers;Female;2013-02-04;Haney
11713;Kyle;Zhang;Kyle Zhang;Male;2013-07-07;Kirkland
11714;Alexandria;Long;Alexandria Long;Female;2013-02-18;San Diego
11715;Chloe;Robinson;Chloe Robinson;Female;2013-12-26;San Gabriel
11716;Evan;Kelly;Evan Kelly;Male;2013-05-31;Daly City
11717;Marcus;Jones;Marcus Jones;Male;2013-05-25;Corvallis
11718;Sarah;Jones;Sarah Jones;Female;2013-03-06;Oregon City
11719;Blake;Green;Blake Green;Male;2013-04-26;Cliffside
11720;Morgan;Morris;Morgan Morris;Female;2013-05-17;San Diego
11721;Jennifer;Alexander;Jennifer Alexander;Female;2013-06-15;Lincoln Acres
11722;Julian;Hughes;Julian Hughes;Male;2013-07-30;Bellingham
11723;Luke;Coleman;Luke Coleman;Male;2013-01-31;Shawnee
11724;Jason;Carter;Jason Carter;Male;2013-02-05;Shawnee
11725;Jose;Li;Jose Li;Male;2013-04-01;Burien
11726;Micah;Liang;Micah Liang;Male;2013-10-10;Burien
11727;Benjamin;Taylor;Benjamin Taylor;Male;2011-10-12;National City
11728;Logan;White;Logan White;Male;2013-06-11;Woodburn
11729;Caleb;Campbell;Caleb Campbell;Male;2013-07-27;Kirkland
11730;Emma;Torres;Emma Torres;Female;2013-05-11;Redmond
11731;Tanya;Gill;Tanya Gill;Female;2013-03-16;Burlingame
11732;Erick;Sanchez;Erick Sanchez;Male;2013-06-09;Cincinnati
11733;Kristi;Schmidt;Kristi Schmidt;Female;2014-01-01;Concord
11734;Omar;Chen;Omar Chen;Male;2013-06-21;Coronado
11735;Sydney;Gray;Sydney Gray;Female;2013-02-24;Lynnwood
11736;Sebastian;Sanchez;Sebastian Sanchez;Male;2013-10-17;Fremont
11737;Megan;Martin;Megan Martin;Female;2013-02-14;Redwood City
11738;Elijah;Alexander;Elijah Alexander;Male;2013-02-02;Oak Bay
11739;Aaron;King;Aaron King;Male;2013-01-13;Shawnee
11740;Jan;Hall;Jan Hall;Female;2013-03-07;Vancouver
11741;Tamara;Chander;Tamara Chander;Female;2011-10-15;Chula Vista
11742;Edward;Lewis;Edward Lewis;Male;2011-10-03;Redwood City
11743;Chase;Kelly;Chase Kelly;Male;2011-10-25;Spring Valley
11744;Stephanie;Campbell;Stephanie Campbell;Female;2013-04-13;Spring Valley
11745;Allison;Gonzalez;Allison Gonzalez;Female;2011-10-10;Walla Walla
11746;Seth;Brooks;Seth Brooks;Male;2013-01-28;Tacoma
11747;Destiny;Davis;Destiny Davis;Female;2013-08-07;Edmonds
11748;Blake;Hill;Blake Hill;Male;2013-06-07;Victoria
11749;Eduardo;Jackson;Eduardo Jackson;Male;2013-04-08;Coffs Harbour
11750;Latoya;She;Latoya She;Female;2011-07-14;Newcastle
11751;Victoria;Gonzales;Victoria Gonzales;Female;2011-07-08;Melton
11752;Lauren;Bryant;Lauren Bryant;Female;2013-02-27;Goulburn
11753;Felicia;Ortega;Felicia Ortega;Female;2013-04-19;Coffs Harbour
11754;Janet;Ortega;Janet Ortega;Female;2011-07-16;Malabar
11755;Willie;Pal;Willie Pal;Male;2013-05-31;Hervey Bay
11756;Linda;Ortega;Linda Ortega;Female;2011-07-28;St. Leonards
11757;Vincent;Cai;Vincent Cai;Male;2013-02-23;Cranbourne
11758;Colin;Yuan;Colin Yuan;Male;2013-03-30;Darlinghurst
11759;Dawn;Nath;Dawn Nath;Female;2011-07-10;Cloverdale
11760;Melody;Moreno;Melody Moreno;Female;2013-03-31;Findon
11761;Edgar;Mehta;Edgar Mehta;Male;2011-08-05;Hobart
11762;Randall;Gomez;Randall Gomez;Male;2011-08-07;Wollongong
11763;Ross;Fernandez;Ross Fernandez;Male;2013-01-30;Springwood
11764;Jessie;Ramos;Jessie Ramos;Female;2011-09-09;Newcastle
11765;Marc;Torres;Marc Torres;Male;2011-09-12;North Ryde
11766;Candace;Raman;Candace Raman;Female;2011-09-19;South Melbourne
11767;Meagan;Madan;Meagan Madan;Female;2011-09-17;Hawthorne
11768;Clayton;Nara;Clayton Nara;Male;2011-09-03;Perth
11769;Haley;Hernandez;Haley Hernandez;Female;2013-04-28;Newton
11770;Peter;Nara;Peter Nara;Male;2013-08-08;Ballard
11771;Isaac;Rivera;Isaac Rivera;Male;2013-03-31;Marysville
11772;Cameron;Moore;Cameron Moore;Male;2011-10-08;Tacoma
11773;Gavin;Diaz;Gavin Diaz;Male;2011-10-23;El Cajon
11774;Emma;Sanchez;Emma Sanchez;Female;2011-10-26;National City
11775;Sierra;Roberts;Sierra Roberts;Female;2011-10-03;Palo Alto
11776;Seth;Mitchell;Seth Mitchell;Male;2011-10-05;Santa Cruz
11777;Miranda;Long;Miranda Long;Female;2011-10-14;Burlingame
11778;Haley;Henderson;Haley Henderson;Female;2011-10-27;Sedro Woolley
11779;Sarah;Jackson;Sarah Jackson;Female;2011-10-17;Woodburn
11780;Jessica;Alexander;Jessica Alexander;Female;2011-10-15;Edmonds
11781;Carlos;Gray;Carlos Gray;Male;2013-03-06;Daly City
11782;Barbara;Jai;Barbara Jai;Female;2013-08-02;Burbank
11783;Sara;Mitchell;Sara Mitchell;Female;2013-03-23;San Diego
11784;Jose;Turner;Jose Turner;Male;2013-04-12;Metchosin
11785;Theodore;Diaz;Theodore Diaz;Male;2013-04-21;Ballard
11786;Ian;Murphy;Ian Murphy;Male;2013-12-29;Redmond
11787;Jerry;Nath;Jerry Nath;Male;2013-10-13;Burbank
11788;Destiny;James;Destiny James;Female;2013-05-09;Los Angeles
11789;Bailey;Phillips;Bailey Phillips;Female;2013-03-07;National City
11790;Timothy;Gonzalez;Timothy Gonzalez;Male;2013-03-11;Chula Vista
11791;Chase;Morgan;Chase Morgan;Male;2013-09-29;Spokane
11792;Alexia;Perry;Alexia Perry;Female;2013-05-03;Colma
11793;Xavier;Rogers;Xavier Rogers;Male;2013-02-04;Burbank
11794;Lauren;Ross;Lauren Ross;Female;2013-11-28;Lakewood
11795;Nicole;Thomas;Nicole Thomas;Female;2013-07-12;Downey
11796;Isabel;Jenkins;Isabel Jenkins;Female;2011-10-16;Downey
11797;Devin;Coleman;Devin Coleman;Male;2011-10-14;Oakland
11798;Brendan;Chande;Brendan Chande;Male;2011-10-15;Bremerton
11799;Jessie;Wang;Jessie Wang;Male;2011-10-10;Burien
11800;Jennifer;Baker;Jennifer Baker;Female;2013-08-10;Beaverton
11801;Aaron;Sharma;Aaron Sharma;Male;2013-12-12;Beaverton
11802;Madison;Taylor;Madison Taylor;Female;2013-02-25;Oak Bay
11803;Jan;Hernandez;Jan Hernandez;Female;2013-07-29;Olympia
11804;Haley;Turner;Haley Turner;Female;2013-05-29;Redmond
11805;Richard;Green;Richard Green;Male;2013-04-23;Beverly Hills
11806;Jennifer;Stewart;Jennifer Stewart;Female;2013-02-21;Burlingame
11807;Lucas;Baker;Lucas Baker;Male;2013-04-13;National City
11808;James;Parker;James Parker;Male;2013-03-26;N. Vancouver
11809;Juan;Gray;Juan Gray;Male;2011-10-21;Beverly Hills
11810;Antonio;Washington;Antonio Washington;Male;2011-10-20;Bremerton
11811;Abigail;Brooks;Abigail Brooks;Female;2011-10-15;Colma
11812;Andrew;Rodriguez;Andrew Rodriguez;Male;2011-10-03;Walla Walla
11813;Mary;Patterson;Mary Patterson;Female;2011-10-16;W. Linn
11814;Dalton;Morgan;Dalton Morgan;Male;2013-06-23;Lake Oswego
11815;Hannah;Patterson;Hannah Patterson;Female;2011-10-02;Tacoma
11816;Joe;Torres;Joe Torres;Male;2011-10-02;Beverly Hills
11817;Morgan;Miller;Morgan Miller;Female;2011-10-13;Colma
11818;Daniel;Garcia;Daniel Garcia;Male;2011-10-21;Coronado
11819;Jose;Lal;Jose Lal;Male;2013-02-15;Everett
11820;Katelyn;Lopez;Katelyn Lopez;Female;2013-02-09;Victoria
11821;Austin;Johnson;Austin Johnson;Male;2013-07-30;Beverly Hills
11822;Rohinton;Wadia;Rohinton Wadia;Female;2013-05-20;Lincoln Acres
11823;Morgan;Turner;Morgan Turner;Female;2013-05-18;Metchosin
11824;Jill;Martin;Jill Martin;Female;2013-03-18;Newton
11825;Aimee;She;Aimee She;Female;2011-10-16;Bellflower
11826;Jessie;Alonso;Jessie Alonso;Female;2011-10-27;Beverly Hills
11827;Sara;Baker;Sara Baker;Female;2013-02-20;Newton
11828;Katherine;Martinez;Katherine Martinez;Female;2013-04-03;Milwaukie
11829;Sophia;Campbell;Sophia Campbell;Female;2013-03-13;Seattle
11830;Taylor;Garcia;Taylor Garcia;Female;2011-09-29;Lincoln Acres
11831;Christian;Ross;Christian Ross;Male;2011-10-27;San Carlos
11832;Zoe;Murphy;Zoe Murphy;Female;2013-02-18;Walla Walla
11833;Oscar;Price;Oscar Price;Male;2013-06-12;Oak Bay
11834;Fernando;Flores;Fernando Flores;Male;2011-10-22;Mill Valley
11835;Elijah;Russell;Elijah Russell;Male;2013-01-10;Metchosin
11836;Garrett;Travers;Garrett Travers;Male;2013-03-24;Everett
11837;Haley;Alexander;Haley Alexander;Female;2011-10-13;San Francisco
11838;Justin;Rodriguez;Justin Rodriguez;Male;2013-05-31;Beaverton
11839;Tyler;Brown;Tyler Brown;Male;2011-10-26;Santa Monica
11840;Julian;Patterson;Julian Patterson;Male;2013-04-30;Lincoln Acres
11841;Sean;Nelson;Sean Nelson;Male;2013-05-20;Langley
11842;Justin;Wilson;Justin Wilson;Male;2013-05-12;Olympia
11843;Christy;Nara;Christy Nara;Female;2013-02-07;Beaverton
11844;Michele;Alvarez;Michele Alvarez;Female;2013-10-05;Chula Vista
11845;Natalie;Jones;Natalie Jones;Female;2013-02-13;Shawnee
11846;Savannah;Reed;Savannah Reed;Female;2013-04-28;Long Beach
11847;Cassidy;Diaz;Cassidy Diaz;Female;2013-06-28;Portland
11848;Joshua;Lewis;Joshua Lewis;Male;2013-07-27;Yakima
11849;Faith;Reed;Faith Reed;Female;2013-11-27;La Jolla
11850;Brooke;Ramirez;Brooke Ramirez;Female;2013-04-08;Novato
11851;Jada;Mitchell;Jada Mitchell;Female;2013-06-16;Concord
11852;Kyle;Russell;Kyle Russell;Male;2013-07-10;Lakewood
11853;Grace;Jones;Grace Jones;Female;2013-05-10;Concord
11854;Jason;Mitchell;Jason Mitchell;Male;2011-10-25;West Covina
11855;Christian;Walker;Christian Walker;Male;2013-04-27;Burlingame
11856;Seth;Hernandez;Seth Hernandez;Male;2013-11-29;Corvallis
11857;Isabella;Young;Isabella Young;Female;2013-10-06;Edmonds
11858;Jordan;Coleman;Jordan Coleman;Male;2013-03-27;San Gabriel
11859;Blake;Garcia;Blake Garcia;Male;2013-04-22;Olympia
11860;Nicole;Walker;Nicole Walker;Female;2013-07-03;National City
11861;Katherine;Carter;Katherine Carter;Female;2013-05-14;Westminster
11862;Olivia;Peterson;Olivia Peterson;Female;2013-05-16;Everett
11863;Jessica;Wood;Jessica Wood;Female;2013-09-03;Sedro Woolley
11864;Elizabeth;Thompson;Elizabeth Thompson;Female;2013-03-01;Tacoma
11865;Chloe;Rivera;Chloe Rivera;Female;2013-02-17;National City
11866;Lucas;Scott;Lucas Scott;Male;2013-02-18;Glendale
11867;Nathaniel;James;Nathaniel James;Male;2013-06-04;National City
11868;Jessica;Peterson;Jessica Peterson;Female;2013-02-02;Vancouver
11869;Kaitlyn;Adams;Kaitlyn Adams;Female;2013-03-20;Westminster
11870;Jillian;Garcia;Jillian Garcia;Female;2013-07-20;Burien
11871;Dalton;Bennett;Dalton Bennett;Male;2013-02-23;Lynnwood
11872;Faith;Patterson;Faith Patterson;Female;2011-10-21;Glendale
11873;Ryan;Zhang;Ryan Zhang;Male;2011-10-07;Spring Valley
11874;Adrian;Bell;Adrian Bell;Male;2013-07-19;Woodland Hills
11875;Jonathan;Brown;Jonathan Brown;Male;2013-04-20;Langford
11876;Madison;White;Madison White;Female;2013-06-19;Oakland
11877;Alexis;Diaz;Alexis Diaz;Female;2013-10-05;Newport Beach
11878;Christine;Nara;Christine Nara;Female;2013-11-30;Ballard
11879;Edgar;Sai;Edgar Sai;Male;2013-02-27;Beaverton
11880;Melissa;Sanchez;Melissa Sanchez;Female;2013-04-10;Salem
11881;Richard;Mitchell;Richard Mitchell;Male;2013-12-02;Grossmont
11882;Patrick;Stewart;Patrick Stewart;Male;2013-02-17;Seattle
11883;Hannah;Anderson;Hannah Anderson;Female;2013-02-21;Burien
11884;Latoya;Shen;Latoya Shen;Female;2013-02-17;Ballard
11885;Kurt;Sharma;Kurt Sharma;Male;2011-10-28;Burlingame
11886;Katelyn;Parker;Katelyn Parker;Female;2011-10-28;Santa Monica
11887;Joseph;White;Joseph White;Male;2013-05-28;Coronado
11888;Aaron;Ross;Aaron Ross;Male;2013-03-18;Cliffside
11889;Blake;Patterson;Blake Patterson;Male;2013-02-23;Puyallup
11890;Whitney;Lopez;Whitney Lopez;Female;2013-03-29;Berkeley
11891;Jamie;Liang;Jamie Liang;Female;2013-03-07;Beverly Hills
11892;Julio;Ortega;Julio Ortega;Male;2011-09-04;Rhodes
11893;Orlando;Carlson;Orlando Carlson;Male;2011-08-31;Sydney
11894;Ann;Gonzalez;Ann Gonzalez;Female;2011-09-22;Hervey Bay
11895;Dustin;Chander;Dustin Chander;Male;2011-09-12;Gold Coast
11896;Frank;Carlson;Frank Carlson;Male;2011-09-01;Springwood
11897;Orlando;Ashe;Orlando Ashe;Male;2011-08-30;South Melbourne
11898;Angela;Henderson;Angela Henderson;Female;2011-09-14;Brisbane
11899;Brenda;Perez;Brenda Perez;Female;2011-09-04;Melton
11900;Byron;Carlson;Byron Carlson;Male;2011-09-21;Newcastle
11901;Stacy;Alvarez;Stacy Alvarez;Female;2011-09-10;Darlinghurst
11902;Drew;Pal;Drew Pal;Male;2013-02-21;Malabar
11903;Kate;Raji;Kate Raji;Female;2011-09-21;Caloundra
11904;Kaylee;Cook;Kaylee Cook;Female;2011-09-17;Geelong
11905;Isaiah;Ramirez;Isaiah Ramirez;Male;2011-08-29;Hobart
11906;Gabriella;Sanders;Gabriella Sanders;Female;2011-09-10;Brisbane
11907;Sarah;Garcia;Sarah Garcia;Female;2011-09-28;Wollongong
11908;Rafael;Tang;Rafael Tang;Male;2011-09-19;South Melbourne
11909;Nichole;She;Nichole She;Female;2011-09-20;Rockhampton
11910;Jaclyn;Zheng;Jaclyn Zheng;Female;2011-10-09;Goulburn
11911;Rachael;Kapoor;Rachael Kapoor;Female;2013-06-01;Geelong
11912;Rachael;Sai;Rachael Sai;Female;2011-10-27;Townsville
11913;Rebecca;Robinson;Rebecca Robinson;Female;2013-12-03;Seaford
11914;Meagan;Rana;Meagan Rana;Female;2011-10-18;Port Macquarie
11915;Philip;Carlson;Philip Carlson;Male;2011-10-02;Port Macquarie
11916;Joe;Rana;Joe Rana;Male;2011-10-01;Warrnambool
11917;Roy;Sanz;Roy Sanz;Male;2011-10-27;Darlinghurst
11918;Kaylee;Hill;Kaylee Hill;Female;2011-10-13;Coffs Harbour
11919;Warren;Andersen;Warren Andersen;Male;2011-10-05;Rockhampton
11920;Adrienne;Gomez;Adrienne Gomez;Female;2011-10-10;Brisbane
11921;Gilbert;Zhu;Gilbert Zhu;Male;2013-09-19;Cranbourne
11922;James;Davis;James Davis;Male;2013-02-15;Victoria
11923;Sarah;Bryant;Sarah Bryant;Female;2013-02-12;National City
11924;Ian;Long;Ian Long;Male;2011-10-26;Novato
11925;Ashlee;Jai;Ashlee Jai;Female;2011-10-09;Bellingham
11926;Eduardo;Foster;Eduardo Foster;Male;2013-05-04;Oregon City
11927;Nicole;Murphy;Nicole Murphy;Female;2014-01-09;Sedro Woolley
11928;Isabella;Morris;Isabella Morris;Female;2013-05-31;El Cajon
11929;Virginia;Gonzalez;Virginia Gonzalez;Female;2011-10-14;St. Leonards
11930;Jaclyn;Nara;Jaclyn Nara;Female;2011-10-14;North Sydney
11931;Marcus;Adams;Marcus Adams;Male;2013-02-16;Palo Alto
11932;Elizabeth;Coleman;Elizabeth Coleman;Female;2013-04-29;Santa Monica
11933;Mathew;Rubio;Mathew Rubio;Male;2011-10-13;Bellingham
11934;Justin;Shan;Justin Shan;Male;2011-11-19;Burien
11935;Jessica;Taylor;Jessica Taylor;Female;2013-06-06;Lebanon
11936;Hunter;Clark;Hunter Clark;Male;2013-04-05;Redmond
11937;Devin;Perez;Devin Perez;Male;2011-10-29;Salem
11938;Seth;Alexander;Seth Alexander;Male;2013-03-07;Daly City
11939;Kevin;Washington;Kevin Washington;Male;2011-11-10;Imperial Beach
11940;Tyler;Miller;Tyler Miller;Male;2013-08-02;Woodland Hills
11941;Adam;Roberts;Adam Roberts;Male;2013-08-07;Woodburn
11942;George;Gonzalez;George Gonzalez;Male;2011-10-15;Newcastle
11943;Dawn;Huang;Dawn Huang;Female;2011-10-18;Warrnambool
11944;Rachael;Rodriguez;Rachael Rodriguez;Female;2011-10-19;Silverwater
11945;Dennis;Huang;Dennis Huang;Male;2011-10-29;Concord
11946;Brandy;Saunders;Brandy Saunders;Female;2011-10-21;Sydney
11947;Jenny;Zheng;Jenny Zheng;Female;2011-10-13;Rhodes
11948;Tasha;Xu;Tasha Xu;Female;2013-09-06;St. Leonards
11949;Julia;Brooks;Julia Brooks;Female;2013-07-16;Torrance
11950;Jordan;Carter;Jordan Carter;Female;2013-02-17;Coronado
11951;Lacey;Huang;Lacey Huang;Female;2013-08-20;Melbourne
11952;Dorothy;Robinson;Dorothy Robinson;Male;2011-10-05;Geelong
11953;Courtney;Wright;Courtney Wright;Female;2013-02-09;Milwaukie
11954;Joseph;Garcia;Joseph Garcia;Male;2011-11-01;Glendale
11955;Gabriel;Green;Gabriel Green;Male;2011-10-29;Glendale
11956;Alexandria;Sandberg;Alexandria Sandberg;Female;2011-10-31;Beverly Hills
11957;Courtney;Hernandez;Courtney Hernandez;Female;2013-02-12;Redmond
11958;Dylan;Lal;Dylan Lal;Male;2013-06-16;Bremerton
11959;Elizabeth;Davis;Elizabeth Davis;Female;2013-03-23;Lemon Grove
11960;Ana;Griffin;Ana Griffin;Female;2013-03-25;Redmond
11961;Anne;Alvarez;Anne Alvarez;Female;2013-02-11;Berkeley
11962;Alexandra;Roberts;Alexandra Roberts;Female;2013-08-11;Bellflower
11963;Antonio;Patterson;Antonio Patterson;Male;2011-10-22;Coffs Harbour
11964;Sharon;Salavaria;Sharon Salavaria;Male;2011-10-14;East Brisbane
11965;Katie;She;Katie She;Female;2013-02-10;Matraville
11966;Rafael;Black;Rafael Black;Male;2013-11-01;Bendigo
11967;Latasha;Munoz;Latasha Munoz;Female;2011-10-23;Hervey Bay
11968;Kelsey;Becker;Kelsey Becker;Female;2011-10-28;Milsons Point
11969;Randy;Xu;Randy Xu;Male;2011-10-19;Perth
11970;Bailey;Collins;Bailey Collins;Female;2013-05-25;W. Linn
11971;Amanda;Adams;Amanda Adams;Female;2013-04-15;Fremont
11972;Katherine;Williams;Katherine Williams;Female;2013-11-09;Edmonds
11973;Caroline;Barnes;Caroline Barnes;Female;2013-02-27;Renton
11974;Randy;Sun;Randy Sun;Male;2013-10-30;Berkeley
11975;Destiny;Garcia;Destiny Garcia;Female;2013-07-17;Chula Vista
11976;Audrey;Ramos;Audrey Ramos;Female;2011-10-25;North Sydney
11977;Bonnie;Jai;Bonnie Jai;Female;2011-11-01;Newcastle
11978;Jackson;Washington;Jackson Washington;Male;2013-02-03;Fremont
11979;Christopher;Johnson;Christopher Johnson;Male;2013-02-14;Victoria
11980;Kimberly;Richardson;Kimberly Richardson;Female;2013-09-23;Santa Monica
11981;Alexandria;Howard;Alexandria Howard;Female;2013-04-09;Everett
11982;Alexandra;Foster;Alexandra Foster;Female;2013-08-17;San Diego
11983;Cheryl;Ortega;Cheryl Ortega;Female;2011-11-08;Bellflower
11984;Alex;Campbell;Alex Campbell;Male;2013-02-15;Oak Bay
11985;Melanie;Hughes;Melanie Hughes;Female;2013-02-27;Beaverton
11986;Max;Alvarez;Max Alvarez;Male;2011-11-22;Geelong
11987;Diane;Vazquez;Diane Vazquez;Female;2013-06-17;South Melbourne
11988;Kathryn;Chapman;Kathryn Chapman;Female;2011-11-10;Goulburn
11989;Kara;Anand;Kara Anand;Female;2011-11-03;Hawthorne
11990;Joanna;Vazquez;Joanna Vazquez;Female;2011-11-13;Newcastle
11991;Frederick;Martinez;Frederick Martinez;Male;2011-11-01;Milsons Point
11992;Tonya;Chande;Tonya Chande;Female;2011-11-17;Brisbane
11993;Rosa;Wang;Rosa Wang;Female;2011-11-13;Goulburn
11994;Leah;Hu;Leah Hu;Female;2011-11-25;Townsville
11995;Kelvin;Carson;Kelvin Carson;Male;2011-11-08;Sunbury
11996;Veronica;Srini;Veronica Srini;Female;2011-11-04;Caloundra
11997;Kristina;Kapoor;Kristina Kapoor;Female;2011-11-05;Coffs Harbour
11998;Donna;Sharma;Donna Sharma;Female;2011-11-16;Hawthorne
11999;Johnny;Shan;Johnny Shan;Male;2011-11-10;Newcastle
